{"cameraMode":{"drawMode":0,"name":"Shaded","section":"Shading Mode"},"sceneLighting":true,"audioPlay":false,"sceneViewState":{"showFog":false,"showMaterialUpdate":false,"showSkybox":false,"showFlares":false,"showImageEffects":false,"showParticleSystems":false},"in2DMode":false,"pivot":{"x":0.4539582133293152,"y":-10.70633316040039,"z":-11.560853004455567},"rotation":{"x":0.6302685737609863,"y":5.29895913814471e-8,"z":3.8156986903459259e-8,"w":0.7763787508010864},"size":22.32475471496582,"orthographic":false}